name,primary_contact_name,primary_mobile,alternate_mobile,whatsapp_number,email,deals_in,address,city,pincode,timings,website,remarks,is_active
New Bombay Stationary Stores,Mangesh Bhai,9082363841,,,,"Stationery Store — Wholesale Dealers of Stationary, Engineering, Artists, Materials & Distributors for Camlin","213, Abdul Rehman Street, 1st Floor, Mumbai 400003",,,"10-7:30 PM, Sunday Closed",,"Last purchased: 8th June 2023 | Office: 23426973 | [Imported from supplier master sheet, Supplier ID 1]",True
Bombay Stickers,Mohamed Hanif,8767433022,,,hansie19@yahoo.com,"Stationery Store — Wholesale Dealers of Stickers, Arts & Crafts","185/187, Abdul Rehman Street, Crawford Market, Mumbai 400003",,,,,"Last purchased: 8th June 2023 | [Imported from supplier master sheet, Supplier ID 2]",True
Oswald Book Mfd. Depot,,,,,oswalbook@gmail.com,"Stationery Store — Manufacturer of Exercise Books, Account Books, Office Files & Diaries. Peans, Gift sets, T-shrits, Bottles, Gift items, Calculators, Shooting Materials, etc.","193, Abdul Rehman Street, Mumbai 400003",,,,,"Terms: 20% Discount | Last purchased: 8th June 2023 | Raw contact no. (unparsed): 49601636 | Office: 022-23427363 | [Imported from supplier master sheet, Supplier ID 3]",True
Kwality Craft,,,,,kwalitycard@hotmail.com,Stationery Store — Stickers,"209, AR Street, Mumbai 400003",,,,,"Last purchased: 8th June 2023 | Office: 23432288 | [Imported from supplier master sheet, Supplier ID 4]",True
SK Enterprises,,,,,,Stationery Store — Toys - Wooden mostly,,,,,,"Last purchased: 8th June 2023 | [Imported from supplier master sheet, Supplier ID 5]",True
Ajanta Craft,Sajid Bhai,9819669442,,,,Stationery Store,,,,,,"Last purchased: 8th June 2023 | [Imported from supplier master sheet, Supplier ID 6]",True
Ajanta Stationary,Aswin Bhai,9619404252,,,,Stationery Store,,,,,,"Last purchased: 8th June 2023 | [Imported from supplier master sheet, Supplier ID 7]",True
Ajanta Art,Milan Bhai,9619406262,,,,Art Store,,,,,,"Last purchased: 8th June 2023 | [Imported from supplier master sheet, Supplier ID 8]",True
Local Crawford Store 1,,,,,,Stationery Store,Crawford,,,,,"Last purchased: 8th June 2023 | [Imported from supplier master sheet, Supplier ID 9]",True
HobbyIndia,Shreyans,,,,,Art Store — Online store in Gujrat for MDF and canvas based DIY Kits,,,,,,"Last purchased: 7th June 2023 | [Imported from supplier master sheet, Supplier ID 10]",True
EastCoast Stationary & More,,8910967096,,8104231003,,Stationery Store,"Groundfloor, 322 Abdul Rehman Street, Mumbai 400003",,,,,"Last purchased: 8th June 2023 | [Imported from supplier master sheet, Supplier ID 11]",True
Krishna Stationary,,9920511484,,9920511484,mailmukesh713@gmail.com,"Stationery Store — Wholesale dealers in notebooks, account book, plastic file folder, gift articles, art material, craft material, school stationery, office stationery & other stationery","356, Abdul Rehman Street, Omirgar Building, Opposite Crawford Market, Mumbai 03",,,,,"Last purchased: 10th July 2023 | [Imported from supplier master sheet, Supplier ID 12]",True
Wondershop Retail,Shruti,9742240477,,,,Stationery Store,"B1-Podium, Godrej Platinum, Vikhroli East, Mumbai 400079",,,,,"Last purchased: 1st June 2023 | [Imported from supplier master sheet, Supplier ID 13]",True
Jameel Arts,Jameel Bhai,9890506053,,,,Painter — Painting - Wall,Vikhroli,,,,,"Last purchased: 22nd Sept 2023 | [Imported from supplier master sheet, Supplier ID 14]",True
Nooruddin Abdulhusein & Sons,Naeem Kagalwala,9867435215,,9867435215,ikagalwala@gmail.com,Packaging — Wholesalers & Retailers of quality gift wrapping paper,"66, Sutar Chawl, Mumbai 400002",,,,,"Alternate No. - Ibrahim Kagalwala - 9892136305 | Last purchased: 13th Oct 2023 | [Imported from supplier master sheet, Supplier ID 15]",True
Paramount Trading Corporation,Dhaval Gala,9821652355,,,paramountbox_official - IG,"Packaging — Manufacturing of gift boxes, trays, potlis, paper bags, gift wrapping paper, etc.","21/23, Sutar Chawl, Abdul Rehman Street, Near Crawford Market, Mumbai 400002",,,,,"Alternate No. - Vishal Shah 7738144727 | Last purchased: 13th Oct 2023 | Office: 022-23412122 | [Imported from supplier master sheet, Supplier ID 16]",True
Kikabhai & Bros - The Paperhub,Husein,9819172364,,,kikabhaibrothers@yahoo.com,"Packaging — Customised Paper Bags, Gift Wrapping, Packaging","58-B, Sutar Chawl, Zaveri bazar, Mumbai 400002",,,,,"Alternate No. - Aliasgar - 9820875314, Abdeali - 989121702 | Last purchased: 13th Oct 2023 | Office: 022-23424803, 022-40045055 | [Imported from supplier master sheet, Supplier ID 17]",True
Local Crawford Store for party decorations,,,,,,Decoration Shop,,,,,,"Last purchased: 22nd Sept 2023 | [Imported from supplier master sheet, Supplier ID 18]",True
Local Crawford Store for stationery,,,,,,Stationery Store,,,,,,"Got smiley sharpners & teddy plastic piggy bank | Last purchased: 22nd Sept 2023 | [Imported from supplier master sheet, Supplier ID 19]",True
Local Crawford Store for Toys - Bohri uncles,,,,,,Toys,,,,,,"Got 2 pc puzzles from them | Last purchased: 22nd Sept 2023 | [Imported from supplier master sheet, Supplier ID 20]",True
CrayonKraft,,9820400362,,,,Art Store,,,,,,"[Imported from supplier master sheet, Supplier ID 21]",True
Driver from Driveu,,,,,,Transport,,,,,,"[Imported from supplier master sheet, Supplier ID 22]",True
Uber,,,,,,Transport,,,,,,"[Imported from supplier master sheet, Supplier ID 23]",True
Vistaprint,,,,,,Printing,,,,,,"[Imported from supplier master sheet, Supplier ID 24]",True
Wondershop,,9742240477,,,,Stationery Store,,,,,,"[Imported from supplier master sheet, Supplier ID 25]",True
Ikea,,,,,,Furniture,,,,,,"[Imported from supplier master sheet, Supplier ID 26]",True
Fatima - Earthn Art,,9985016369,,,,Ceramic,,,,,,"[Imported from supplier master sheet, Supplier ID 27]",True
Bhoomi - Learn & Art Andheri,,8850868045,,,,Instructor,,,,,,"[Imported from supplier master sheet, Supplier ID 28]",True
Vaseem Saifi Artist,,8168916448,,,,Instructor,,,,,,"Last purchased: 13th Oct 2023 | [Imported from supplier master sheet, Supplier ID 29]",True
Umesh Ashar Corkboard,,,,,,Furniture,,,,,,"[Imported from supplier master sheet, Supplier ID 30]",True
Amazon,,,,,,Ecomm,,,,,,"[Imported from supplier master sheet, Supplier ID 31]",True
Shivani Cleaning Maid,,,,,,Cleaner,,,,,,"Last purchased: 12th Oct 2023 | [Imported from supplier master sheet, Supplier ID 32]",True
Nishit Trading Co,,9082807730,,,ntc9909@hotmmail.com,"Packaging — Gift, Paper, Packaging material","79/71, Sutar Chawl, Zaveri Bazaar, Mumbai 400002",,,,,"Last purchased: 13th Oct 2023 | Office: 022-23436466 | [Imported from supplier master sheet, Supplier ID 33]",True
Prakash Stores,,,,,,Gift Shop — Tealight Candles,Crawford,,,,,"Last purchased: 13th Oct 2023 | [Imported from supplier master sheet, Supplier ID 34]",True
Jannuddin Tavvali - carry bags,,,,,,"Packaging — Carry bags, plastic packaging, ziplocks",,,,,,"Starting shop near the chach counter | Last purchased: 13th Oct 2023 | [Imported from supplier master sheet, Supplier ID 35]",True
The House of Cane,,9819331853,,9819331853,,"Packaging — Wicker Cane Baskets, Bamboo Baskets, Wooden Products, Aluminium Baskets","Shop No 524 Gate No 9, Inside Crawford Market, Maharashtra 400001",,,,,"Last purchased: 13th Oct 2023 | [Imported from supplier master sheet, Supplier ID 36]",True
Mahavir Plastic Bhandar,,8928719651,,,,"Packaging — Gift Box, Lifafa, Paper Gift Box, Paper Box and Round Box","284, 9/10, Seth Hajee Cadsam, Agboateala Charities, Abdul Rehman Street, Masjid Bunder, Mumbai - 400003",,,,,"Last purchased: 13th Oct 2023 | [Imported from supplier master sheet, Supplier ID 37]",True
Pattiwala,,,,,,Transport,Crawford,,,,,"Last purchased: 1st July 2023 | [Imported from supplier master sheet, Supplier ID 38]",True
Bhushan Mom,,9833483322,,,,Gift Shop,,,,,,"Last purchased: 14th Oct 2023 | [Imported from supplier master sheet, Supplier ID 39]",True
Sanchi,,8237636900,,,,Gift Shop,,,,,,"Last purchased: 15th Oct 2023 | [Imported from supplier master sheet, Supplier ID 40]",True
Rossa L'Vita,,9811431643,,,,Gift Shop,,,,,,"Last purchased: 15th Oct 2023 | [Imported from supplier master sheet, Supplier ID 41]",True
Ishali Sharma - glittering smiles,,8447346980,,,,Gift Shop,Delhi,,,,,"Last purchased: 18th Oct 2023 | [Imported from supplier master sheet, Supplier ID 42]",True
Rehman Key Maker,,,,,,Utility,,,,,,"Last purchased: 19th Oct 2023 | [Imported from supplier master sheet, Supplier ID 43]",True
Mona Didi,,8826010031,,,,Gift Shop,,,,,,"Last purchased: 19th Oct 2023 | [Imported from supplier master sheet, Supplier ID 44]",True
Facebook/IG Marketing,,,,,,Marketing,,,,,,"Last purchased: 1st Oct 2023 | [Imported from supplier master sheet, Supplier ID 45]",True
Chhamma Tat Wala,,9810756356,9868151259,,,Packaging — Wholesale Dealers in packaging material,"790, Chaman Wala Pech, Near Gali No. 11, Bartan Market, Sadar Bazaar, Delhi 110006",,,,,"Last purchased: 27th Oct 2023 | Additional numbers: 9811113240 | [Imported from supplier master sheet, Supplier ID 46]",True
National Plastic,Danish / Qasim,9899424264,9312537172,,national.plastis@rocketmail.com,"Packaging — Non Woven Bags, Paper Bags & Packing Material","817/A, Pan Mandi, Sadar Bazaar, Delhi 6",,,,,"Last purchased: 27th Oct 2023 | [Imported from supplier master sheet, Supplier ID 47]",True
Sindhu Tat Patti Wala,,7982600973,9315667611,,,"Festive — Manufacturer & Wholesaler - fancy rakhi, lumbe, colours, rangoli, christmas decorations, diwali decorations, handcraft items, janamashtmi decorations","530/531, Gali Bajajan, Sadar Bazaar, Delhi 6",,,,,"got rangoli & heavy diwali hangings from here (1800 wali) | Last purchased: 27th Oct 2023 | [Imported from supplier master sheet, Supplier ID 48]",True
Standard Jewellery Box,Altaf / Luve,8448805172,8920974913,,,"Packaging — Saree Cover, Envelopes, Paper Bags, Fancy Potli","636, Gali No. 11, Sadar Bazaar, Delhi 6",,,,,"got bag with moti bangle handle from here, Rs. 60 per pc. MOQ 100/500 depending on material availability | Last purchased: 27th Oct 2023 | [Imported from supplier master sheet, Supplier ID 49]",True
Sai Creations,Sanjeev Sangari,9811415526,,,saicreations2662@gmail.com,Packaging — Wholesale Packaging Shop,"847, Pan Mandi, Near Narain Market, Sadar Bazaar, Delhi 6",,,,,"got 5 boxes @ 90 Rs. pc cardboard from here | Last purchased: 27th Oct 2023 | [Imported from supplier master sheet, Supplier ID 50]",True
Mahavir Engineers,Vasdev Lalwani / Kapil Lalwani,9821993210,9769397304,,mahavir.engineers@gmail.com,"Furniture — slotted angles, storage racks, mezzanine floors, garment tables, etc.","Unit No. 44/A Wing, 1st Floor. Ghanshyam Industrial Estate, Veera Desai Road, Andheri(W), Mumbai 400053",,,,,"contacted for slotted angle racks, but got from Raza traders finally | Last purchased: 27th Oct 2023 | Office: 022-26732138 | [Imported from supplier master sheet, Supplier ID 51]",True
Sewden,Kriti / Varsha,9619508163,9414089381,,,Gift Shop — Crochet items,BKC Mall,,,,,"saw her stall in mall with crochet items | Last purchased: 27th Oct 2023 | [Imported from supplier master sheet, Supplier ID 52]",True
Kaiff Handicraft,Hamid Bhai,9690759743,7351600972,,,Festive — wholesale & manfuacturers of decorations,"477/A, Bartan Market, Sadar Bazaar, Delhi 6 (opposite to main road sadar bazaar gandhi market)",,,,,"got diwali decorations from him, quite good | Last purchased: 27th Oct 2023 | Additional numbers: 7983617979 | [Imported from supplier master sheet, Supplier ID 53]",True
Local Sadar Bazar Supplier,,,,,,Festive,,,,,,"Last purchased: 27th Oct 2023 | [Imported from supplier master sheet, Supplier ID 54]",True
Shreeyas group,,7718925803,,,shreeyasblessings@gmail.com,"Art Store — Bags, Pouches, travel organizers, passport covers, Aprons, Kids DIY Kits",,,,,,"Last purchased: 27th Oct 2023 | [Imported from supplier master sheet, Supplier ID 55]",True
Reliance Digital,,,,,,Furniture — Rcity,,,,,,"Last purchased: 27th Oct 2023 | [Imported from supplier master sheet, Supplier ID 56]",True
Printo,,,,,,Printing — Online,,,,,,"Last purchased: 28th Oct 2023 | [Imported from supplier master sheet, Supplier ID 57]",True
Itsy Bitsy,,,,,,Art Store,Rcity Ghatkopar,,,,,"Last purchased: 5th Nov 2023 | [Imported from supplier master sheet, Supplier ID 58]",True
Neeta Goenka,,9560896590,,,,Gift Shop,,,,,,"Last purchased: 4th Oct 2023 | [Imported from supplier master sheet, Supplier ID 58]",True
B1 Management Committee,,,,,,Utility,B1-Godrej Platinum,,,,,"Last purchased: 15th Nov 2023 | [Imported from supplier master sheet, Supplier ID 58]",True
Supriya Fast Food,9005365694,,,,,Food,Ghatkopar East,,,,,"Farshan shop for Shweta's gift packs | Last purchased: 15th Nov 2023 | [Imported from supplier master sheet, Supplier ID 59]",True
Chhaadwa,9869856883,,,,,Food,Ghatkopar West,,,,,"Last purchased: 15th Nov 2023 | [Imported from supplier master sheet, Supplier ID 60]",True
The Paper Magic Supplies,7685002094,,,,,Printing,,,,,,"Last purchased: 22nd Nov 2023 | [Imported from supplier master sheet, Supplier ID 61]",True
GoDaddy,,,,,,Utility,,,,,,"Last purchased: 23rd Nov 2023 | [Imported from supplier master sheet, Supplier ID 62]",True
Toycra - SM Enterprises,Amit,9820261624,,,,Art Store — Toys,Mulund,,,,,"Last purchased: 23rd Nov 2023 | [Imported from supplier master sheet, Supplier ID 63]",True
Skillmatics,,9029280571,,,,Art Store,,,,,,"Last purchased: 24th Nov 2023 | [Imported from supplier master sheet, Supplier ID 64]",True
Tristar Trading Co.,Pritesh Shah,9821719383,,,,"Art Store — Hanfmade Paper, Paper Bag, Fancy Envelopes, Potli","12/14, Sutar Chawl, Abdul Rehmaan Street, Mumbai 400002",,,,,"Last purchased: 24th Nov 2023 | Office: 022-49677054 | [Imported from supplier master sheet, Supplier ID 65]",True
AR Hangers,,,,,,Furniture,,,,,,"Last purchased: 24th Nov 2023 | [Imported from supplier master sheet, Supplier ID 66]",True
Rolex,,,,,,Art Store,,,,,,"Last purchased: 24th Nov 2023 | [Imported from supplier master sheet, Supplier ID 67]",True
F.A. Mohsinbhoy & Co.,,,,,famco5253@gmail.com,"Packaging — All types of disposables, gift boxes, paper bags & party products","30, Sutar Chawl, Mumbai 400002",,,,,"Last purchased: 24th Nov 2023 | Office: 022-23421486 | [Imported from supplier master sheet, Supplier ID 68]",True
Saifee Creation,,9322246849,9869391752,,,"Decoration Shop — Balloons & Decors, paper & Metallic Decorations, birthday party stuff","7/9, Sutar Chawl, Mumbai 400002",,,,,"Last purchased: 24th Nov 2023 | Office: 022-23448908 | [Imported from supplier master sheet, Supplier ID 69]",True
Puja Trading Company,Rutraj R Mohire,9820753320,,,pujatradingcompany2017@gmail.com,"Decoration Shop — Birthdat Party items, tinsel garlends, ganpati decorations, diwali lanterns, xmas decoration, disposables","14 A-1, Sutar Chwal, Sasur Building, Ground Floor, Mumbai 400002",,,,,"Last purchased: 24th Nov 2023 | [Imported from supplier master sheet, Supplier ID 70]",True
Local Food Vendor,,,,,,Food,,,,,,"Last purchased: 24th Nov 2023 | [Imported from supplier master sheet, Supplier ID 71]",True
Haaji Bhai,,,,,,Misc,,,,,,"Last purchased: 24th Nov 2023 | [Imported from supplier master sheet, Supplier ID 72]",True
KoKo - The Party Products,,7977718909,,,,Decoration Shop,"338 - 340, Abdul Rehman Street, Near Crawford Market, Mumbai - 400003",,,,,"Last purchased: 24th Nov 2023 | [Imported from supplier master sheet, Supplier ID 73]",True
Diamond Creation,,9619962308,,,vijayhnisar@rediffmail.com,"Gift Shop — Imitation Jewellery, Earrings, Western Necklace, potli and batwa","78/83, Sutar Chawl, Near Zaveri Bazar, Ground Floor, Mumbai 400002",,,,,"12 Rs. per pouch for Wondershop pouch - jute with logo | Last purchased: 24th Nov 2023 | Office: 022-23453862 | [Imported from supplier master sheet, Supplier ID 74]",True
SM Enterprises Mulund,Amit,9820261624,,,,Toys — Toys,Mulund,,,,,"Last purchased: 29th Nov 2023 | [Imported from supplier master sheet, Supplier ID 75]",True
Ko Necessity - stamps custom,,,,,,Utility,,,,,,"Last purchased: 1st Dec 2023 | [Imported from supplier master sheet, Supplier ID 76]",True
Shri Maruthi Courier,,9220961255,,,,Transport,,,,,,"Last purchased: 11th Dec 2023 | [Imported from supplier master sheet, Supplier ID 77]",True
Hussain Bhai - Ghatkopar Link Road,,,,,,Art Store — LED Light Wondershop,,,,,,"Last purchased: 12th Dec 2023 | [Imported from supplier master sheet, Supplier ID 78]",True
Verma Services,,8286608945,,,,,,,,,,"Last purchased: 14th Dec 2023 | [Imported from supplier master sheet, Supplier ID 79]",True
Corugami ( c/o Mondesso Packaging Pvt. Ltd),,7774086396,,,,Packaging,"9th Floor, Flat No. 901, C Wing, (Various) Marvel Aurum,
Plot No. 364/2, Lane No. 7, Koregaon Park
Pune - 411001, Maharashtra, India
GSTIN: 27AALCM3372P1ZR",,,,,"Last purchased: 14th Dec 2023 | [Imported from supplier master sheet, Supplier ID 80]",True
Anjali,,8928501747,,,,Volunteer,,,,,,"Last purchased: 17th Dec 2023 | [Imported from supplier master sheet, Supplier ID 81]",True
Metro Covers,Farhan / Wasim,9821320768,9833760278,,,"Saree covers, washing machine covers, fridge top, table covers, antislip mats, yoga mats, trousseu packing","221/4, Janjikar Street, Mumbai 400003",,,,,"Last purchased: 22nd Dec 2023 | [Imported from supplier master sheet, Supplier ID 82]",True
Mirzaan Enterprises,Hashim,9322509928,,,mirzaanent@gmail.com,"Wholesale & distributor of greeting cards, fancy envelopes, stationery, stickers & gift articles","252, Abdul Rehmaan Street, Mumbai 400003",,,,,"Last purchased: 22nd Dec 2023 | [Imported from supplier master sheet, Supplier ID 83]",True
Nutmeg,,8976178771,,,mnutmeg21@gmail.com,"Stationery & More, chinese products","15, Sutar Chawl, Shop. No. 1, Ground Floor, Mumbai 400002",,,,,"Last purchased: 22nd Dec 2023 | [Imported from supplier master sheet, Supplier ID 84]",True
Firoz Kurbanhusein,Murtuza,9867213645,,,firozkurbanhusein@gmail.com,Tapes,"42/44, Sutar Chawl, Ground Floor, Mumbai 400002",,,,,"Last purchased: 22nd Dec 2023 | [Imported from supplier master sheet, Supplier ID 85]",True
Rolex,,,,,,"Wrapping paper, bow, boxes",,,,,,"Last purchased: 22nd Dec 2023 | [Imported from supplier master sheet, Supplier ID 86]",True
Jagaseth,,,,,,Keychains,,,,,,"Last purchased: 22nd Dec 2023 | [Imported from supplier master sheet, Supplier ID 87]",True
Azgar Ali,,,,,,,,,,,,"Last purchased: 22nd Dec 2023 | [Imported from supplier master sheet, Supplier ID 88]",True
Saify & Company (Tapes),Gaffar,9892229087,9167842030,,,"Adhesive Teapes, Cutlery Items","223 B, Abdul Rehman Street, Mumbai 400003",,,,,"Last purchased: 22nd Dec 2023 | [Imported from supplier master sheet, Supplier ID 89]",True
Asgarally Kurbanhusein & Co.,Abdullabhai / Khozema/Shabbir,9833665674,9967655369,,,"Balloons, Birthday Party & Festival Decoration","58/A, Sutar Chawl, Mumbai 400002",,,,,"Last purchased: 22nd Dec 2023 | [Imported from supplier master sheet, Supplier ID 90]",True
Chandrakant Digital Point,Ghanshyam Vaviya,,,,chandrakant_digital@yahoo.in,"Xerox, Stationery, Printing","C-18, G Floor, Kailash Esplande, Opposite Shreyas Cinema, Ghatkopar, Mumbai 400086",,,,,"Last purchased: 22nd Dec 2023 | Raw contact no. (unparsed): 022-25003965 | [Imported from supplier master sheet, Supplier ID 91]",True
Toy Kingdom,,7777041555,,,info@toykingdom.in,"Toy Store, importers and wholesale dealers of toys adn rideon items","186-188-190, Sheriff Devji Street, Unity Chs., Shop No. 2, Mumbai 400003",,,,,"Last purchased: 22nd Dec 2023 | [Imported from supplier master sheet, Supplier ID 92]",True
Bangalore Iyenger Bakery,,9167694265,,,,,,,,,,"Last purchased: 23rd Dec 2023 | [Imported from supplier master sheet, Supplier ID 93]",True
Shree Maruthi Courier,,9220961255,,,,,,,,,,"Last purchased: 10th Dec 2023 | [Imported from supplier master sheet, Supplier ID 94]",True
Shree Ram Enterprises,,,,,,Electrician - Kannamanagar Vikhroli,,,,,,"Last purchased: 1st Jan 2024 | [Imported from supplier master sheet, Supplier ID 95]",True
Sai Events - Salomi,,7506326362,,,,,,,,,,"Last purchased: 24th Dec 2023 | [Imported from supplier master sheet, Supplier ID 96]",True
Tata Play Fiber,,,,,,,,,,,,"Last purchased: 2nd Jan 2024 | [Imported from supplier master sheet, Supplier ID 97]",True
Sunil - Chair Khushal,,9224201185,,,,,,,,,,"Last purchased: 3rd Jan 2024 | [Imported from supplier master sheet, Supplier ID 98]",True
Suresh - Mitsuibitshi AC Technician,,8879785534,,,,,,,,,,"Last purchased: 5th Jan 2024 | [Imported from supplier master sheet, Supplier ID 99]",True
Koolwell AC David Chembur,,8591695852,,,,,,,,,,"Last purchased: 6th Jan 2024 | [Imported from supplier master sheet, Supplier ID 100]",True
Kavin Panchal Vivaa Seating,,9820763169,,,,,,,,,,"Last purchased: 5th Jan 2024 | [Imported from supplier master sheet, Supplier ID 101]",True
Rajneesh Raju Nursery,,7493826137,,,,"Ghatkopar, Near police grounds",,,,,,"Last purchased: 12th Jan 2024 | [Imported from supplier master sheet, Supplier ID 102]",True
Hari Bhai,,9892328129,,,,,"Dharavi, Kamraj School. Taxi from Sion Station",,,,,"Last purchased: 14th Jan 2024 | [Imported from supplier master sheet, Supplier ID 103]",True
Surat Potteries,,,,,,,,,,,,"Last purchased: 14th Jan 2024 | [Imported from supplier master sheet, Supplier ID 104]",True
Vidhi Creations,Ainl Mewada,8692803487,7021497650,,vidhicre023@gmail.com,,"Dharavi, Kumharwada, 90 feet road, opp. sunder villas road, 400017",,,,,"Last purchased: 14th Jan 2024 | [Imported from supplier master sheet, Supplier ID 105]",True
Swastic Electronics,,,,,,,,,,,,"Last purchased: 14th Jan 2024 | [Imported from supplier master sheet, Supplier ID 106]",True
Ugaoo,,,,,,,,,,,,"Last purchased: 15th Jan 2024 | [Imported from supplier master sheet, Supplier ID 107]",True
Blinkit,,,,,,,,,,,,"Last purchased: 15th Jan 2024 | [Imported from supplier master sheet, Supplier ID 108]",True
Ace Telecom Mulund (SM Enterprises),Amit,9820261624,,,,Toys,Mulund,,,,,"Last purchased: 22nd Jan 2024 | [Imported from supplier master sheet, Supplier ID 109]",True
Good Luck Frame & Art,M. Kasim,9769619532,,,,Photo Frame,"Shop No. 6, Trinity Society, Near Hiranandani Hospital, IIT Market, Powai",,,,,"Last purchased: 25th Feb 2024 | [Imported from supplier master sheet, Supplier ID 110]",True
Trith - Andheri Printers,,9768049075,,,,pamphlets,Andheri East,,,,,"Last purchased: 26th Feb 2024 | [Imported from supplier master sheet, Supplier ID 111]",True
Varsha Art Teacher,,9987275593,,,,Instructor,,,,,,"Last purchased: 28th Feb 2024 | [Imported from supplier master sheet, Supplier ID 112]",True
Sujatha Maid,,9967314902,,,,,,,,,,"Last purchased: 29th Feb 2024 | [Imported from supplier master sheet, Supplier ID 113]",True
Pushkar Newspaper,,6350228554,,,,Platinum Newspaper Vendor for flyers,,,,,,"Last purchased: 3rd Mar 2024 | [Imported from supplier master sheet, Supplier ID 114]",True
Ravi Newspaper,,9969046830,,,,Platinum Newspaper Vendor for flyers,,,,,,"Last purchased: 3rd Mar 2024 | [Imported from supplier master sheet, Supplier ID 115]",True
Keshav Newspaper,,8850463988,,,,Trees Newspaper Vendor for flyers,,,,,,"Last purchased: 3rd Mar 2024 | [Imported from supplier master sheet, Supplier ID 116]",True
Sachin Newspaper,,9867771979,,,,Trees Newspaper Vendor for flyers,,,,,,"Last purchased: 3rd Mar 2024 | [Imported from supplier master sheet, Supplier ID 117]",True
Brain Wave Sejal,,7888588897,,,,Colaba,,,,,,"Last purchased: 10th Mar 2024 | [Imported from supplier master sheet, Supplier ID 118]",True
Pranali,,8828937882,,,,,,,,,,"Last purchased: 11th Mar 2024 | [Imported from supplier master sheet, Supplier ID 119]",True
Fashion Vista,Pratham Talpade,9833493509,,,,Tshirt Print,,,,,,"Last purchased: 13th Mar 2024 | [Imported from supplier master sheet, Supplier ID 120]",True
Ajanta Cab Driver,,9819991339,,,,,,,,,,"Last purchased: 13th Mar 2024 | [Imported from supplier master sheet, Supplier ID 121]",True
Aruna Ramakrishnan,,7400406071,,,,,,,,,,"Last purchased: 17th Mar 2024 | [Imported from supplier master sheet, Supplier ID 122]",True
Sunil Auto Vikhroli,,,,,,,,,,,,"Last purchased: 17th Mar 2024 | [Imported from supplier master sheet, Supplier ID 123]",True
Ronak Decorators Tagore Nagar Vikhroli,,,,,,,,,,,,"Last purchased: 17th Mar 2024 | [Imported from supplier master sheet, Supplier ID 124]",True
Auto Guy,,,,,,,,,,,,"Last purchased: 17th Mar 2024 | [Imported from supplier master sheet, Supplier ID 125]",True
Hungry Heads,,,,,,Food Vendor for Events,,,,,,"Last purchased: 17th Mar 2024 | [Imported from supplier master sheet, Supplier ID 126]",True
Chai Point,,,,,,,,,,,,"Last purchased: 17th Mar 2024 | [Imported from supplier master sheet, Supplier ID 127]",True
Shilpa,,9326093978,,,,,,,,,,"Last purchased: 21st Mar 2024 | [Imported from supplier master sheet, Supplier ID 128]",True
Sarovar Electrician Chedda Nagar,,8905999836,,,,,,,,,,"Last purchased: 21st Mar 2024 | [Imported from supplier master sheet, Supplier ID 129]",True
Ganesh,,7045851791,,,,,,,,,,"Last purchased: 31st Mar 2024 | [Imported from supplier master sheet, Supplier ID 130]",True
Badli Maid,,,,,,,,,,,,"Last purchased: 31st Mar 2024 | [Imported from supplier master sheet, Supplier ID 131]",True
Nidas Traders,,9029222999,,7710909143,,,"Shop no 333, Abdul Rehman St, opp. Market Halai Memon Jamatkhana, Near Crawford Market, Lohar Chawl, Kalbadevi, Mumbai, Maharashtra 400003",,,,,"Last purchased: 1st April 2024 | [Imported from supplier master sheet, Supplier ID 132]",True
Ajanta Wood,,9930686666,,,,,"Gala No-02, Plot No 66/74, Opp. Electric Crematorium, Chandanwadi Road, Mumbai - 400002. Near Marine Lines Station East",,,,,"Last purchased: 1st April 2024 | [Imported from supplier master sheet, Supplier ID 133]",True
Jolly Printers,,9811395558,,,,,"Naraina, Delhi",,,,,"Last purchased: 5th April 2024 | [Imported from supplier master sheet, Supplier ID 134]",True
Sainath Event,,8422041055,,,,,,,,,,"Last purchased: 17th April 2024 | [Imported from supplier master sheet, Supplier ID 135]",True
Aditya Event,,9224707174,,,,,,,,,,"Last purchased: 17th April 2024 | [Imported from supplier master sheet, Supplier ID 136]",True
Borzo / Wefast,,,,,,,,,,,,"Last purchased: 18th April 2024 | [Imported from supplier master sheet, Supplier ID 137]",True
Ratna,,9830099525,,,,"Candles, Gift Packs, Jute",,,,,,"Last purchased: 26th April 2024 | [Imported from supplier master sheet, Supplier ID 138]",True
Ethica Handloom and Handicrafts Pvt Ltd Jute,,7559171191,,,teamethica@gmail.com,"Manufacturer / Wholesaler / Exporter of Bamboo, Cane, Wicker Handicrafts, Jute Bags, Kauna Grass (Water Reed) and Water Hyacinth products",Tripura,,,,https://www.ethicaonline.com/,"Last purchased: 26th April 2024 | [Imported from supplier master sheet, Supplier ID 139]",True
Ajanta Personalization Hub,,9819234252,,,,,,,,,,"Last purchased: 26th April 2024 | [Imported from supplier master sheet, Supplier ID 140]",True
Mobeeta,,9360121234,,,,Mobile Accessories,"Office No. 7, 1st Floor, Above BOI Bank, Alankar Building, Balaram Street, Grant Road (East), Mumbai - 400007.",,,,,"Last purchased: 1st May 2024 | [Imported from supplier master sheet, Supplier ID 141]",True
New Variety International,,8169481296,,,,,,,,,,"Last purchased: 13th May 2024 | [Imported from supplier master sheet, Supplier ID 142]",True
Taruna Gupta,,9914610170,,,,Ghaziabad,,,,,,"Last purchased: 13th May 2024 | [Imported from supplier master sheet, Supplier ID 143]",True
Sonam Mendon,,7507775683,,,,,Platinum B2-2702,,,,,"Last purchased: 13th May 2024 | [Imported from supplier master sheet, Supplier ID 144]",True
Myra,,8976460680,,,,,,,,,,"Last purchased: 13th May 2024 | [Imported from supplier master sheet, Supplier ID 145]",True
Darshana - The chef bone inside,,9172090006,,,,Baker Thane,Thane,,,,,"Last purchased: 13th May 2024 | [Imported from supplier master sheet, Supplier ID 146]",True
Thakar Adivasi Kala Aangan,Chetan Gangavane,9987653909,,,,"Museum & Art Gallery. Art Gallery, Agro Tourism, art workshop, puppet show, cultural study tour, chitrakathi workshop, shadow puppet show. Shadow puppet making workshop","A/p pinguli (gudhipur), NH-66, Tal. Kudal, dist. sindudurg, maharasthra, India 416528",,,,Story of Panchtantra - audio with,"Shadow Puppet Show, Shadow puppet making show. 3500 including travelling | Last purchased: 29th May 2024 | [Imported from supplier master sheet, Supplier ID 147]",True
Jyoti Kolkata Rakhi,,7838856426,,,,,,,,,,"Last purchased: 29th May 2024 | [Imported from supplier master sheet, Supplier ID 148]",True
Ruchi Rakhi Agra,,9557531501,,,,,,,,,,"Last purchased: 30th May 2024 | [Imported from supplier master sheet, Supplier ID 149]",True
Lalit,,9953750712,,,,,,,,,,"Last purchased: 3rd June 2024 | [Imported from supplier master sheet, Supplier ID 150]",True
Star Return Gift,,9994806209,,,,Roli Chawal pack vendor,,,,,,"https://www.instagram.com/star_return_gifts/ | Last purchased: 3rd June 2024 | [Imported from supplier master sheet, Supplier ID 151]",True
riddhi_shiddhi__creation_,,,,,,Roli Chawal pack vendor,,,,,,"Last purchased: 3rd June 2024 | [Imported from supplier master sheet, Supplier ID 152]",True
Sheetal Pottery,,8750544211,,,,,,,,,,"Last purchased: 6th June 2024 | [Imported from supplier master sheet, Supplier ID 153]",True
Vistara,,,,,,,,,,,,"Last purchased: 10th June 2024 | [Imported from supplier master sheet, Supplier ID 154]",True
Auto Guy Sion,,7666055373,,,,,,,,,,"Last purchased: 10th June 2024 | [Imported from supplier master sheet, Supplier ID 155]",True
Jinsa Trade Link,,8606117567,,,,,,,,,,"Last purchased: 10th June 2024 | [Imported from supplier master sheet, Supplier ID 156]",True
Airbnb,,,,,,,,,,,,"Last purchased: 10th June 2024 | [Imported from supplier master sheet, Supplier ID 157]",True
Porter,,,,,,,,,,,,"Last purchased: 10th June 2024 | [Imported from supplier master sheet, Supplier ID 158]",True
Manish Enterprises,,7217731741,,,,,,,,,,"Last purchased: 13th June 2024 | [Imported from supplier master sheet, Supplier ID 159]",True
Vimmi,,,,,,,,,,,,"Last purchased: 13th June 2024 | [Imported from supplier master sheet, Supplier ID 160]",True
5 Star,,,,,,,,,,,,"Last purchased: 13th June 2024 | [Imported from supplier master sheet, Supplier ID 161]",True
Neartail,,,,,,,,,,,,"Last purchased: 16th June 2024 | [Imported from supplier master sheet, Supplier ID 162]",True
Kukdukoo Stall,,8595966845,,,,,,,,,,"Last purchased: 16th June 2024 | [Imported from supplier master sheet, Supplier ID 163]",True
Siddesh Trackon Courier,,7021111922,,,,,,,,,,"Last purchased: 16th June 2024 | [Imported from supplier master sheet, Supplier ID 164]",True
HDFC Contact for QR Code,Yashwant,9137989941,,,,,,,,,,"Last purchased: 18th June 2024 | [Imported from supplier master sheet, Supplier ID 165]",True
Apeksha Storyteller Ghatkopar,,9819581065,,,,Instructor,,,,,,"Last purchased: 1st July 2024 | [Imported from supplier master sheet, Supplier ID 166]",True
Tagore Nagar Royal Stationery,,,,,,,,,,,,"Last purchased: 15th July 2024 | [Imported from supplier master sheet, Supplier ID 167]",True
Chetan Gangavane Chitrakathi,,9987653909,,,,,,,,,,"Last purchased: 21st July 2024 | [Imported from supplier master sheet, Supplier ID 168]",True
Mahavir Enterprises,,9324656539,,,,,,,,,,"Last purchased: 23rd July 2024 | [Imported from supplier master sheet, Supplier ID 169]",True
Arihant Packaging,,,,,,,,,,,,"Last purchased: 23rd July 2024 | [Imported from supplier master sheet, Supplier ID 170]",True
Logotrademark Surat,,9904131705,,,,,,,,,,"Last purchased: 23rd July 2024 | [Imported from supplier master sheet, Supplier ID 171]",True
Digibells,,9560026613,,,,,,,,,,"Last purchased: 24th July 2024 | [Imported from supplier master sheet, Supplier ID 172]",True
Shaadi Sakhi,,,,,,Marketing,,,,,,"Last purchased: 24th July 2024 | [Imported from supplier master sheet, Supplier ID 173]",True
Mahavir Enterprises Navi Mumbai,,,,,,Furniture,,,,,,"Last purchased: 23rd July 2024 | [Imported from supplier master sheet, Supplier ID 174]",True
BohoLife Perfume,,,,,,Gift Shop,,,,,,"[Imported from supplier master sheet, Supplier ID 175]",True
Taxi,,,,,,,,,,,,"[Imported from supplier master sheet, Supplier ID 176]",True
Train,,,,,,,,,,,,"[Imported from supplier master sheet, Supplier ID 177]",True
Siri Bags LLP,,9867102510,,,siribags@gmail.com,Packaging,"229, Abdul rehman street, Mumbai 4000003",,,,,"[Imported from supplier master sheet, Supplier ID 178]",True
Classic Creation,Hussain,8169262552,,,,"Wholesaler in gift, toys, stationery. Takes birthday party orders also","324-A, Abdul Rehman Street, Crawford Market, Mumbai 400003",,,,,"[Imported from supplier master sheet, Supplier ID 179]",True
Laxmi All Creation,,9950518039,,,laxmanharwani1975@gmail.com,"Kurti, Topers, Skirts, Plazo, Pant set, skirt set, jaipuri Nagra shoes, juties, kolhapuri chappel. Hand block print, jaipuri bedsheet, rajai, bandhini, block print and sari","Shop No. 9, Link Road, Bapu Bazaar, Jaipur",,,,,"[Imported from supplier master sheet, Supplier ID 180]",True
Ashok Button Store,Yogesh Bhutani,8239592934,8290365128,,,,"1-A, Link Road, Bapu Bazar, Jaipur 302003",,,,,"[Imported from supplier master sheet, Supplier ID 181]",True
Badshah Store,Aftab Abdul Azim,,,,badshahstore@gmail.com,"Wholesale dealers toys, sports, games, play group nursery products","286, Abdul Rehman Street, Mumbai 400003",,,,,"Office: 23436229 | [Imported from supplier master sheet, Supplier ID 182]",True
Shivam Digital Studio & Printing,Yogesh Kumar,7065690004,,,sdsp9219@gmail.com,,"M-213, Shakurpur, Near Britannia Chowk, Delhi 110034",,,,,"[Imported from supplier master sheet, Supplier ID 183]",True
Google Ads Manager,,,,,,Ads for performance marketing,,,,,,"Last purchased: 13th August 2024 | [Imported from supplier master sheet, Supplier ID 184]",True
Flipkart Ads Manager,,,,,,Ads for performance marketing,,,,,,"Last purchased: 14th August 2024 | [Imported from supplier master sheet, Supplier ID 185]",True
Printronics,,,,,,,,,,,,"[Imported from supplier master sheet, Supplier ID 186]",True
Pratima Rai - Godrej Central Chembur,,9967149486,,,,Marketing,,,,,,"Last purchased: 22nd August 2024 | [Imported from supplier master sheet, Supplier ID 187]",True
Tattoo Artist - Sakshi,,8767942961,,,,Volunteer,,,,,,"[Imported from supplier master sheet, Supplier ID 188]",True
"Fatema Decorators, Vikhroli",,9987811096,,,,Decorator,,,,,,"[Imported from supplier master sheet, Supplier ID 189]",True
Color Craft Cats,Foziya Siddiquee (Founder),9810469517,,,colorcraftcats@gmail.com,Manufacturer,,,,,,"Kids India, BKC Jio World Drive | Last purchased: 15th Sept 2024 | [Imported from supplier master sheet, Supplier ID 190]",True
Skillmatics Grasper Global Pvt Ltd,Amit Roshan Rajoria (Sr. Sales Executive),8080401118,,,amit.rajoria@grasperglobal.com,Art Store — Manufacturer,"Unit 8, Ground Floor, Nirlon House, Dr. Annie Besant Road, Worli, Mumbai",,,,,"Kids India, BKC Jio World Drive | Last purchased: 15th Sept 2024 | [Imported from supplier master sheet, Supplier ID 191]",True
Chanak,Sujata Chavan (Area Sales Executive),9371018333,,,sales.gt@adititoys.com,Toys — Manufacturer,"# 301/305, Reena Complex, Vidyavihar West Mumbai",,,,,"Kids India, BKC Jio World Drive | Last purchased: 15th Sept 2024 | [Imported from supplier master sheet, Supplier ID 192]",True
Play Panda,Abhishaik Saigal (Managing Director),8779189028,,,sunny.playpandatoys@gmail.com,Toys — Manufacturer,"Plot # 10, Mahal Industrial Estate, Mahakali Road, Andheri East",,,,,"Kids India, BKC Jio World Drive | Last purchased: 15th Sept 2024 | [Imported from supplier master sheet, Supplier ID 193]",True
Baby Yank,Sharmila Shakkthi (Founder),9597758882,,,hello@babyyank.com,Toys — Manufacturer,"Coimbatore, Tamil Nadu",,,,,"Kids India, BKC Jio World Drive | Last purchased: 15th Sept 2024 | [Imported from supplier master sheet, Supplier ID 194]",True
Garg Sports International (GSI),Himani Goyal (Sr. Sales Executive),7302664877,,,himani.goyal@sportsgsi.com,Toys — Manufacturer,"Meerut, UP",,,,,"Kids India, BKC Jio World Drive | Last purchased: 15th Sept 2024 | [Imported from supplier master sheet, Supplier ID 195]",True
Rabbit,Sachin Mutha (Managing Director),9822477015,,,sm@rabbitcolors.com,Manufacturer,"Pune, Maharashtra",,,,,"Kids India, BKC Jio World Drive | Last purchased: 15th Sept 2024 | [Imported from supplier master sheet, Supplier ID 196]",True
Cute Agencies Pvt. Ltd.,Subhash Garg (Managing Director),9871309390,,,info@cuteagencies.com,Manufacturer,"Gurugram, Haryana",,,,https://drive.google.com/drive/folders/1J9NpAwgGceCptLul52eLxmo7i-GD4BOi,"Kids India, BKC Jio World Drive | Last purchased: 15th Sept 2024 | [Imported from supplier master sheet, Supplier ID 197]",True
Whimsy Beauty,Anooj (Sales Executive),9818115450,,,care@whimsyindia.com,Manufacturer,"RG Trade Tower, Netaji Subhash Palace, Pitampura, New Delhi",,,,https://drive.google.com/file/d/1L2Hpppy_Q6BV3UucHU9h0mEg872Vd8Nm/view?usp=drivesdk,"Kids India, BKC Jio World Drive | Last purchased: 15th Sept 2024 | [Imported from supplier master sheet, Supplier ID 198]",True
Bright International,,9167110077,,,,Gift Shop — Manufacturer,"294-296, Abdul Rehman Street, Mumbai",,,,,"Kids India, BKC Jio World Drive | Last purchased: 15th Sept 2024 | [Imported from supplier master sheet, Supplier ID 199]",True
Eksploe (Play Craft),Alok Gulati,9899022034,,,sales2@playcraft.in,Toys — Manufacturer,"Kirti Nagar, New Delhi",,,,https://view.publitas.com/play-craft-traders/playcraft-catalogue-july-2024-7e4zkyvawb98/page/1,"Kids India, BKC Jio World Drive | Last purchased: 15th Sept 2024 | [Imported from supplier master sheet, Supplier ID 200]",True
Chalk and Chuckles Products,,9667772395,,,info@chalkandchuckles.com,Art Store — Manufacturer,"Sonepat, Haryana",,,,,"Kids India, BKC Jio World Drive | Last purchased: 15th Sept 2024 | [Imported from supplier master sheet, Supplier ID 201]",True
Pep Play,Bhavya Sanwal (Director),9930429234,,,bhavya@pepplay.in,Art Store — Manufacturer,"Areya Packaging Pvt. Ltd. 114, Blue Rose Ind Estate, Borivali East, Mumbai",,,,www.pepplay.in,"Kids India, BKC Jio World Drive | Last purchased: 15th Sept 2024 | [Imported from supplier master sheet, Supplier ID 202]",True
Jouets bt EduSpark,,9372475696,,,info@edusparktoys.com,Manufacturer,,,,,https://infytap.com/edusparktoys,"Kids India, BKC Jio World Drive | Last purchased: 15th Sept 2024 | [Imported from supplier master sheet, Supplier ID 203]",True
EkoPlay Pvt. Ltd,Rajika Dhiren (Managing Director),9849204464,,,,Toys — Manufacturer,,,,,,"Kids India, BKC Jio World Drive | Last purchased: 15th Sept 2024 | [Imported from supplier master sheet, Supplier ID 204]",True
Gulshan Display Stands,,9892828662,9821210391,,gulshanacrylic@gmail.com,"Furniture — Wholesaler, A-Z Display solutions","149, Ruqaiyya Chambers, Janjikar Street, Corner of Nagdevi Street, Mumbai 400003",,,,,"Last purchased: 19th Sept 2024 | [Imported from supplier master sheet, Supplier ID 205]",True
Aashish Enterprises,,9322825543,,,,"Distributor - Tales, Artline, Maped","Chembur, F/6, Chembur Naka Municipal Market, Chembur, Mumbai 400071",,,,,"Last purchased: 21st Sept 2024 | [Imported from supplier master sheet, Supplier ID 206]",True
Ankita Mutharia,,8591333863,,,,,,,,,,"Last purchased: 21st Sept 2024 | [Imported from supplier master sheet, Supplier ID 207]",True
Swapnesh CA,,9769556662,,,,Services,,,,,,"Last purchased: 9th Oct 2024 | [Imported from supplier master sheet, Supplier ID 208]",True
Meesho,,,,,,,,,,,,"Last purchased: 9th Oct 2024 | [Imported from supplier master sheet, Supplier ID 209]",True
Flipkart,,,,,,,,,,,,"Last purchased: 9th Oct 2024 | [Imported from supplier master sheet, Supplier ID 210]",True
Amazon,,,,,,,,,,,,"Last purchased: 9th Oct 2024 | [Imported from supplier master sheet, Supplier ID 211]",True
"Patel Digital Printers, Powai",,9820173695,,,,Printer,"Powai, Near IIT-B",,,,,"Last purchased: 10th Oct 2024 | [Imported from supplier master sheet, Supplier ID 212]",True
Robomonk,Akash Sawant,7021604114,,,,,,,,,,"Last purchased: 13th Oct 2024 | [Imported from supplier master sheet, Supplier ID 213]",True
amazwoodNgift,,7718091234,9372806760,,,"wooden tray, display units","Unit no. 4, 2nd floor, industrial place, bhagogi keer marg, near paradise cinema, Mahim - 400016",,,,,"Last purchased: 18th Oct 2024 | [Imported from supplier master sheet, Supplier ID 214]",True
EXCLUSIVE DISPLAY SOLUTIONS,,7900043183,,,EMAIL-exclusivedisplays@gmail.com,Furniture — Black Movable Rack,"NEW GAUTAM NAGAR NO-2,
BEHIND MOHSIN HARDWARE SHOP, GOVANDI ,MUMBAI-400043",,,,,"Last purchased: 19th Oct 2024 | [Imported from supplier master sheet, Supplier ID 215]",True
Gokul Godrej One,,9768898408,,,,Food,,,,,,"Last purchased: 26th Oct 2024 | [Imported from supplier master sheet, Supplier ID 216]",True
Whatsapp,,,,,,Marketing,,,,,,"Last purchased: 5th Nov 2024 | [Imported from supplier master sheet, Supplier ID 217]",True
BookMyShow,,,,,,Marketing,,,,,,"Last purchased: 5th Nov 2024 | [Imported from supplier master sheet, Supplier ID 218]",True
Om Print,,9619913136,,,,Printer,"C-28, near Thambi, Vikhroli East Kailash Complex",,,,,"Last purchased: 7th Nov 2024 | [Imported from supplier master sheet, Supplier ID 219]",True
Janani,,9884550684,,,,Instructor,,,,,,"[Imported from supplier master sheet, Supplier ID 220]",True
Ashish Enterprises,Praveen Bhalla,9322825543,,,,"Distributor - tales, gift items, calculator, stationery",Chembur,,,,,"Last purchased: 15th Nov 2024 | [Imported from supplier master sheet, Supplier ID 221]",True
Bjyoti - Printer,,9821148855,,,,Printer,Chembur,,,,,"[Imported from supplier master sheet, Supplier ID 222]",True
Aiko,,9820996852,,,,Toys,"AIKO
221/2nd floor, Vihar Estate, 
Plot 94B, 
Off Saki Vihar Road, 
Chandivali, Mumbai 400072",,,,,"Last purchased: 28th Nov 2024 | [Imported from supplier master sheet, Supplier ID 223]",True
Mia Cucina,,,,,,Restaurant,"Vikhroli East, Godrej II Trees",,,,,"[Imported from supplier master sheet, Supplier ID 224]",True
Sagar Newspaper,,9833094619,,,,,,,,,,"Last purchased: 8th Dec 2024 | [Imported from supplier master sheet, Supplier ID 225]",True
B4 Platinum,,,,,,,,,,,,"[Imported from supplier master sheet, Supplier ID 226]",True
Vishal Stores,,9833704462,,,,,Crawford,,,,,"[Imported from supplier master sheet, Supplier ID 227]",True
Valji Bhai Potter,,9769988207,,,,,,,,,,"Last purchased: 14th Dec 2024 | [Imported from supplier master sheet, Supplier ID 228]",True
Mandakini Hotkar,,8424947703,,,,,,,,,,"Last purchased: 28th Dec 2024 | [Imported from supplier master sheet, Supplier ID 229]",True
Hari Bhai on Percussion,,,,,,,,,,,,"Last purchased: 28th Dec 2024 | [Imported from supplier master sheet, Supplier ID 230]",True
Ravi Sharma Guitarist,Ravi Sharma,8859725705,,,,,,,,,,"Last purchased: 28th Dec 2024 | [Imported from supplier master sheet, Supplier ID 231]",True
House of Sound,Mohit Nagpal,8779494726,,,,,,,,,,"Last purchased: 28th Dec 2024 | [Imported from supplier master sheet, Supplier ID 232]",True
Devaki,,9833778885,,,,Instructor,,,,,,"[Imported from supplier master sheet, Supplier ID 233]",True
Millennium International (Imagimake),Ankush,8652598722,,,,Art Store,,,,,,"[Imported from supplier master sheet, Supplier ID 234]",True
Kangaroo,,,,,,,,,,,,"[Imported from supplier master sheet, Supplier ID 235]",True
Shanmukhananda,,,,,,Venue,,,,,,"[Imported from supplier master sheet, Supplier ID 236]",True
Bholenath Yadav,,9892653221,,,,,,,,,,"Last purchased: 1st March 2025 | [Imported from supplier master sheet, Supplier ID 237]",True
Food,,,,,,Food,,,,,,"[Imported from supplier master sheet, Supplier ID 238]",True
Newspaper Kranti Sion Dosti,,9082773167,,,,,,,,,,"[Imported from supplier master sheet, Supplier ID 239]",True
Pradeep Decorators,,9220138198,,,,Shanmukhananda,,,,,,"[Imported from supplier master sheet, Supplier ID 240]",True
Matloob Mehbook Khan,,9619227482,,,,,,,,,,"[Imported from supplier master sheet, Supplier ID 241]",True
Abhishek Prabhu,,7977896606,,,,,,,,,,"[Imported from supplier master sheet, Supplier ID 242]",True
Palak Gupta,,6260491562,,,,,,,,,,"[Imported from supplier master sheet, Supplier ID 243]",True
Prasad Naik IPRS Shanmukhananda,,8108871796,,,,Shanmukhananda,,,,,,"[Imported from supplier master sheet, Supplier ID 244]",True
Prashant Trimbakkar Housekeeping Supervisor,,9867942270,,,,Shanmukhananda,,,,,,"[Imported from supplier master sheet, Supplier ID 245]",True
Milan Dedhia,,7977236410,,,,,,,,,,"[Imported from supplier master sheet, Supplier ID 246]",True
Sarika Photographer,,9820424080,,,,,,,,,,"[Imported from supplier master sheet, Supplier ID 247]",True
Rohit Dube - Ice Gola Event,,8452850995,,,,Volunteer,,,,,,"[Imported from supplier master sheet, Supplier ID 248]",True
Savex Technologies (HP Printer Cartridge),,,,,,,,,,,,"[Imported from supplier master sheet, Supplier ID 249]",True
Sangeeta Bhargava Painter,,,,,,,,,,,,"[Imported from supplier master sheet, Supplier ID 250]",True
Magic Needles Private Limited Vikhroli West,,,,,,,,,,,,"[Imported from supplier master sheet, Supplier ID 251]",True
Petrol,,,,,,,,,,,,"[Imported from supplier master sheet, Supplier ID 252]",True
Soham Decorator,,,,,,Decorator,,,,,,"[Imported from supplier master sheet, Supplier ID 253]",True
Colorax Printer Powai,,,,,,Printer,,,,,,"[Imported from supplier master sheet, Supplier ID 254]",True
Trishn Pattainaik,,,,,,Instructor,,,,,,"[Imported from supplier master sheet, Supplier ID 255]",True
Sunny,,,,,,Host,,,,,,"[Imported from supplier master sheet, Supplier ID 256]",True
DJ Mayur,,,,,,DJ,,,,,,"[Imported from supplier master sheet, Supplier ID 257]",True
Airtel,,,,,,Utility,,,,,,"[Imported from supplier master sheet, Supplier ID 258]",True
WoW Party Shop,,,,,,,,,,,,"[Imported from supplier master sheet, Supplier ID 259]",True
Code 101,,,,,,,,,,,,"[Imported from supplier master sheet, Supplier ID 260]",True
Himanshi Event Myra,,,,,,,,,,,,"[Imported from supplier master sheet, Supplier ID 261]",True
Aditya Tattoo Event Ghatkopar,,,,,,Volunteer,,,,,,"[Imported from supplier master sheet, Supplier ID 262]",True
Mitali Daryani,,9887094888,,,,,,,,,,"[Imported from supplier master sheet, Supplier ID 263]",True
Ayesha Sadhwani,,8884829854,,,,,,,,,,"[Imported from supplier master sheet, Supplier ID 264]",True
Preeti Karthik Storyteller,,9819619619,,,,Instructor,,,,,,"[Imported from supplier master sheet, Supplier ID 265]",True
Sangeeta Maid,,,,,,Cleander,,,,,,"[Imported from supplier master sheet, Supplier ID 266]",True
Arvind Yadav Newspaper Matunga,,,,,,Marketing,,,,,,"[Imported from supplier master sheet, Supplier ID 268]",True
Inish Photographer,,,,,,Photographer,,,,,,"[Imported from supplier master sheet, Supplier ID 269]",True
Urza Influencer,,,,,,Influencer,,,,,,"[Imported from supplier master sheet, Supplier ID 270]",True
Ai-Sensi,,,,,,Marketing,,,,,,"[Imported from supplier master sheet, Supplier ID 271]",True
Whatsapp,,,,,,Marketing,,,,,,"[Imported from supplier master sheet, Supplier ID 272]",True
Raki Book Club Pvt. Ltd,,,,,,,,,,,,"[Imported from supplier master sheet, Supplier ID 273]",True
Devangi Sanghvi - Cresent Stall,,9930661118,,,,Marketing,,,,,,"[Imported from supplier master sheet, Supplier ID 274]",True
Zomato,,,,,,Food,,,,,,"[Imported from supplier master sheet, Supplier ID 275]",True
Petrol,,,,,,Transport,,,,,,"[Imported from supplier master sheet, Supplier ID 276]",True
Sonal Bharadwaj,,,,,,,,,,,,"[Imported from supplier master sheet, Supplier ID 277]",True
Maniram Soft Toys Abdul Rehman,,9326750548,,,,,,,,,,"[Imported from supplier master sheet, Supplier ID 278]",True
Yamisha,,,,,,Instructor,,,,,,"[Imported from supplier master sheet, Supplier ID 279]",True
BNI,,,,,,,,,,,,"[Imported from supplier master sheet, Supplier ID 280]",True
Simram Talreja Amazon Reviews,,9399869442,,,,Marketing — Amazon Reviews,,,,,,"[Imported from supplier master sheet, Supplier ID 281]",True
Baker Pallavi  Velvette Patisserie,,9819800995,,,,"Food — Baker - Deonar Farm Road, Chembur",,,,,,"[Imported from supplier master sheet, Supplier ID 282]",True
Javed Shaikh - Porter Ravi Bhai,,9870578004,,,,Transport — Brings stuff from crawford to Platinum,,,,,,"[Imported from supplier master sheet, Supplier ID 283]",True
Deepika More,,,,,,Volunteer,,,,,,"[Imported from supplier master sheet, Supplier ID 284]",True
Easemytrip,,,,,,Transport,,,,,,"[Imported from supplier master sheet, Supplier ID 285]",True
Sejal Tattoo,,8767942961,,,,Volunteer,,,,,,"[Imported from supplier master sheet, Supplier ID 286]",True
Gayatri Salunke,,,,,,Instructor,,,,,,"[Imported from supplier master sheet, Supplier ID 287]",True
Subrata Florist,Prashant,9930121528,,,,Flowers,"Galleria, powai, mumbai",,,,,"[Imported from supplier master sheet, Supplier ID 288]",True
Klassic Dresswala,,9819245009,,,,Fancy Dress,"A - 16, Arihant D Colony, Owners Colony, Vidya Vihar East, Mumbai, Maharashtra 400077
Areas served: Mumbai and nearby areas",,,,,"[Imported from supplier master sheet, Supplier ID 289]",True
Sunil Pooja Grocery,,,,,,Food,"Godrej platinum, b3",,,,,"[Imported from supplier master sheet, Supplier ID 290]",True
Lalta Pav Bhaji,,,,,,Food,Tilak Nagar,,,,,"[Imported from supplier master sheet, Supplier ID 291]",True
Petrol,,,,,,Transport,,,,,,"[Imported from supplier master sheet, Supplier ID 292]",True
Grangs Kitchen,,9769399042,,,,Food,,,,,,"[Imported from supplier master sheet, Supplier ID 293]",True
Huecoast Tie & Die,Shivani,9324568508,,,,Vendor for Activity,,,,,,"[Imported from supplier master sheet, Supplier ID 294]",True
Tabussum Server,,,,,,Volunteer,,,,,,"[Imported from supplier master sheet, Supplier ID 295]",True
"What a Pinata, Juhu",,,,,,Pinnata,,,,,,"[Imported from supplier master sheet, Supplier ID 296]",True
Newspaper Bhalchandra Wani,,,,,,"Marketing — Newspaper vendor for Vikhroli, Powai Hirandani and other areas",,,,,,"[Imported from supplier master sheet, Supplier ID 297]",True
Aditya Jayaraman,,,,,,Instructor,,,,,,"[Imported from supplier master sheet, Supplier ID 298]",True
Birdys Vikhroli,,,,,,Food,,,,,,"[Imported from supplier master sheet, Supplier ID 299]",True
"Title Waves, Vikhroli East",Trushant,,,,,Venue,,,,,,"[Imported from supplier master sheet, Supplier ID 300]",True
Kalakaram Andheri,,,,,,Art Store,,,,,,"[Imported from supplier master sheet, Supplier ID 301]",True
Leixyoptical Glasses Kalbadevi,,9769468633,,,,Gift Shop — Spy themed glasses,Kalbadevi,,,,,"[Imported from supplier master sheet, Supplier ID 302]",True
Scube Goregaon Tshirt Print,Yash,9769582105,,,,Printing,,,,,,"[Imported from supplier master sheet, Supplier ID 303]",True
Wondershop Experiences,,,,,,Events company,,,,,,"[Imported from supplier master sheet, Supplier ID 304]",True
Aditya Mehta Video Editor Raipur,,6202444916,,,,Social Media,,,,,,"[Imported from supplier master sheet, Supplier ID 305]",True
Santosh Mulund Projector,,9987022715,,,,Projector,,,,,,"[Imported from supplier master sheet, Supplier ID 306]",True
Toywala Mascot,,8866000222,,,,Mascot,,,,,,"[Imported from supplier master sheet, Supplier ID 307]",True
Rotary Club Powai,,,,,,,,,,,,"[Imported from supplier master sheet, Supplier ID 308]",True
Siddharth Nityanand,,9990475138,,,,Instructor,,,,,,"[Imported from supplier master sheet, Supplier ID 309]",True
Ccharmi - Event Manager,,9769622992,,,,Marketing,,,,,,"[Imported from supplier master sheet, Supplier ID 310]",True
Amazon FBA,,,,,,,,,,,,"[Imported from supplier master sheet, Supplier ID 311]",True
Maker Verse,,,,,,Toys,,,,,,"[Imported from supplier master sheet, Supplier ID 312]",True
Neha Prabhu Host,,9082116756,,,,Host,,,,,,"[Imported from supplier master sheet, Supplier ID 313]",True
Trendy Uniform Mahim,,7715052025,,,,,"Ground Floor, SATELLITE CLASSIC, B - 3/ 4, Station Rd, near Railway Station, opp. ISMAIL YUSUF COLLEGE, Subhash Nagar, Jogeshwari East, Mumbai, Maharashtra 400060, India",,,,,"[Imported from supplier master sheet, Supplier ID 314]",True
Imraan Curtain Tagore Nagar,,9930558503,,,,Furniture,,,,,,"[Imported from supplier master sheet, Supplier ID 315]",True
Drasty Goswami,,,,,,Volunteer,,,,,,"[Imported from supplier master sheet, Supplier ID 316]",True
Pawan Dube Decorator Vashi,,,,,,Decorator,,,,,,"[Imported from supplier master sheet, Supplier ID 317]",True
Sohini Host,,,,,,Host,,,,,,"[Imported from supplier master sheet, Supplier ID 318]",True
Prashant Host,,,,,,Host,,,,,,"[Imported from supplier master sheet, Supplier ID 319]",True
Volunteer Vrushali,,,,,,Volunteer,,,,,,"[Imported from supplier master sheet, Supplier ID 320]",True
Mitika Gala,,,,,,Volunteer,,,,,,"[Imported from supplier master sheet, Supplier ID 321]",True
Akash Thane Cotton Candy Supplier,,9969330444,,,,,,,,,,"[Imported from supplier master sheet, Supplier ID 322]",True
Damodar Food NGMA,,9664999659,,,,Food,,,,,,"[Imported from supplier master sheet, Supplier ID 323]",True
Wonderfest Volunteer,,,,,,Volunteer,,,,,,"[Imported from supplier master sheet, Supplier ID 324]",True
Tanushree Tattoo Artist,,,,,,Volunteer,,,,,,"[Imported from supplier master sheet, Supplier ID 325]",True
NGMA Housekeeping,,,,,,,,,,,,"[Imported from supplier master sheet, Supplier ID 326]",True
NGMA Parking,,,,,,,,,,,,"[Imported from supplier master sheet, Supplier ID 327]",True
Shabbir Sir,,,,,,Printer,,,,,,"[Imported from supplier master sheet, Supplier ID 328]",True
Kidiaree,,,,,,Platform,,,,,,"[Imported from supplier master sheet, Supplier ID 329]",True
Raunaq Printer and Envelopes,,,,,,Printer,,,,,,"[Imported from supplier master sheet, Supplier ID 330]",True
Funblasters Event Management Company,,,,,,,,,,,,"[Imported from supplier master sheet, Supplier ID 331]",True
Maira Tattoo Artist,,,,,,Volunteer,,,,,,"[Imported from supplier master sheet, Supplier ID 332]",True
Nia volunteer,,,,,,Volunteer,,,,,,"[Imported from supplier master sheet, Supplier ID 333]",True
Ambika Electricals,,,,,,Electrical,,,,,,"[Imported from supplier master sheet, Supplier ID 334]",True
Om Magician,,,,,,Artist,,,,,,"[Imported from supplier master sheet, Supplier ID 335]",True
Bubble Show Rajesh,,,,,,Artist,,,,,,"[Imported from supplier master sheet, Supplier ID 336]",True
Pepplay,,,,,,Art Store,,,,,,"[Imported from supplier master sheet, Supplier ID 337]",True
Canva,,,,,,Marketing,,,,,,"[Imported from supplier master sheet, Supplier ID 338]",True
LLP,,,,,,Utility,,,,,,"[Imported from supplier master sheet, Supplier ID 339]",True
Google Email,,,,,,Marketing,,,,,,"[Imported from supplier master sheet, Supplier ID 340]",True
Lucky Plastic Badge,,,,,,Printing,Andheri,,,,,"[Imported from supplier master sheet, Supplier ID 341]",True
Rahul Dreamz Decorator Tagore Nagar,,,,,,Decorator,,,,,,"[Imported from supplier master sheet, Supplier ID 342]",True
Art Brain Vishnu,,,,,,Designer,,,,,,"[Imported from supplier master sheet, Supplier ID 343]",True
Sejal Social Media,,,,,,Social Media,,,,,,"[Imported from supplier master sheet, Supplier ID 344]",True
Unity Service Center - HP Printer Repair,,,,,,,"Grant Road, Mumbai",,,,,"[Imported from supplier master sheet, Supplier ID 345]",True
Volunteer Ziya,,,,,,Volunteer,,,,,,"[Imported from supplier master sheet, Supplier ID 346]",True
Malhotra Glass House - Mirror Cutting Shop Vikhroli West,,9870307140,,,,,,,,,,"[Imported from supplier master sheet, Supplier ID 347]",True
SM Bhagyashree,,,,,,Social Media,,,,,,"[Imported from supplier master sheet, Supplier ID 348]",True
Junior Fit Swaroop,Swaroop,,,,,Events company,,,,,,"[Imported from supplier master sheet, Supplier ID 349]",True
Nutty Scientist,,,,,,Events company,,,,,,"[Imported from supplier master sheet, Supplier ID 350]",True
Sobha Massage Lady,,,,,,Massage,,,,,,"Raw contact no. (unparsed): 908248187 | [Imported from supplier master sheet, Supplier ID 351]",True
Volunteer Iqrar,,8652294259,,,,Volunteer,,,,,,"[Imported from supplier master sheet, Supplier ID 352]",True
Lohar Chawl Sarvar Khan - Floor Light,,8108434381,,,,,"81, Lohar Chawl",,,,,"[Imported from supplier master sheet, Supplier ID 353]",True
Mulund - Furniture & More,,9821960892,,,,Furniture,"Shop No.B/2, Old Thavardas Bhuvan, Netaji Subhash Chandra Rd, Siddharth Nagar, Mulund West, Mumbai, Maharashtra 400080",,,,,"[Imported from supplier master sheet, Supplier ID 354]",True
Rohida Handlooms Rajasthan,Khetaram Sumra,7425972316,,,khetaramsurma4@gmail.com,Met at Ekibeki's Exhibition in Byculla museum Bhau Lal,"Ojiya, Barmer, Rajasthan, 344702",,,,rohidahandloom.com,"Instagram: rohida_handlooms_s | [Imported from supplier master sheet, Supplier ID 355]",True
Sandhya Metal Craft West Bengal,Rajib Kumar Maiti,9735664924,8240859537,,rajib.dhokra05@gmail.com,"Dhokra Art - Utility products, jewellery, hindu religious idols, gifts and souveniors","Village & Post - Arit, dist. Paschim Medinipur, West Bengal 721149",,,,sandhyadhokracraft.com,"Instagram: rajibmaiti_dhokra | [Imported from supplier master sheet, Supplier ID 356]",True
Sanjay Patra Odissa,Sanjay Patra,9861537829,,,sanjay.patrachittra@gmail.com,"2500 year old orissa art - pattachitra, miniature painting from puri, odissa","Spicy Bites Restaurant, Bengali Tola, Varanasi",,,,,"[Imported from supplier master sheet, Supplier ID 357]",True
Sandeep Dhurve MP,,8700341147,,,sandipdhruve108@gmail.com,"Gond Painting, Madhya Pradesh","H.N 7, Banganga, North T.T Nagar, Bhopal, Madhya Pradesh, 462003",,,,,"Instagram: sandeep.dhurve_gondartist | [Imported from supplier master sheet, Supplier ID 358]",True
Rajasthan Artisans,Pankaj Kumar,9982080088,,,,Usta Miniature Paintings and Artefacts,"House no. 18, Vinayak Nagar, Sangaria Fata, Jodhpur, Rajasthan 342013",,,,,"Instagram: rajasthanartisans | [Imported from supplier master sheet, Supplier ID 359]",True
Hemraj Bhabor Bheel Art Bhopal,Hemraj Bhabor,8602812968,9302044861,,,,"H.No. 23, Suraj Nagar Sewaniya, Gond Bhadbhada Road, Bhopal",,,,,"[Imported from supplier master sheet, Supplier ID 360]",True
Sindhe Siva Leather puppetry Andra,"Sindhe Siva, DAOI Award Winner",8121639457,8074198144,,leatherpuppets.ss77@gmail.com,"Shadow Puppettery, Lampshades, Torans, Puppets, Floor Lamps, fridge magnet, fairy lights","Nimmalukunta(v), Dharamavaram(m), Sri Satya Sai District Andra Pradesh 515651",,,,,"Instagram: leather_puppets | [Imported from supplier master sheet, Supplier ID 361]",True
Host Nemish,,,,,,Host,Borivali,,,,,"[Imported from supplier master sheet, Supplier ID 362]",True
Volunteer Shubham Khan Saheb,,,,,,Volunteer,Powai,,,,,"[Imported from supplier master sheet, Supplier ID 363]",True
Host Ajay,,,,,,Host,Andheri,,,,,"[Imported from supplier master sheet, Supplier ID 364]",True
Decor Yuvraj,,,,,,Decorator,Pune,,,,,"[Imported from supplier master sheet, Supplier ID 365]",True
Pune Volunteer - Sanika,,,,,,Volunteer,,,,,,"[Imported from supplier master sheet, Supplier ID 366]",True
Pune Volunteer - Manvi,,,,,,Volunteer,,,,,,"[Imported from supplier master sheet, Supplier ID 367]",True
Pune Volunteer - Khushi,,,,,,Volunteer,,,,,,"[Imported from supplier master sheet, Supplier ID 368]",True
Pune Volunteer - Prithvi,,,,,,Volunteer,,,,,,"[Imported from supplier master sheet, Supplier ID 369]",True
Pune Volunteer - Nayan,,,,,,Volunteer,,,,,,"[Imported from supplier master sheet, Supplier ID 370]",True
Aneri CA,,,,,,,,,,,,"[Imported from supplier master sheet, Supplier ID 371]",True
Host Ritika,,,,,,Host,,,,,,"[Imported from supplier master sheet, Supplier ID 372]",True
SN Enterprises Return gift Crawford Sana,,,,,,,,,,,,"[Imported from supplier master sheet, Supplier ID 373]",True
Gifts Inn Crawford Return gifts,,,,,,,,,,,,"[Imported from supplier master sheet, Supplier ID 374]",True
Andheri Pinwheels,,7666602803,,,,,,,,,,"[Imported from supplier master sheet, Supplier ID 375]",True
10 Sports Mulund,,,,,,,,,,,,"[Imported from supplier master sheet, Supplier ID 376]",True
DJ Aadi Andheri,,9372496697,,,,DJ,,,,,,"[Imported from supplier master sheet, Supplier ID 377]",True
Singer Harsh Borivali,,7906255213,,,,Singer,,,,,,"[Imported from supplier master sheet, Supplier ID 378]",True
Sunita decorators Borivali,,9322522224,,,,Decorator,,,,,,"[Imported from supplier master sheet, Supplier ID 379]",True
Volunteer Kanya,,,,,,Volunteer,,,,,,"[Imported from supplier master sheet, Supplier ID 380]",True
Volunteer Adarsh,,,,,,Volunteer,,,,,,"[Imported from supplier master sheet, Supplier ID 381]",True
Volunteer Ekta,,,,,,Volunteer,,,,,,"[Imported from supplier master sheet, Supplier ID 382]",True
Volunteer Deepika Klay,,,,,,Volunteer,,,,,,"[Imported from supplier master sheet, Supplier ID 383]",True
Volunteer Hadi Nia Ref,,,,,,Volunteer,,,,,,"[Imported from supplier master sheet, Supplier ID 384]",True
Volunteer Arti Hair,,,,,,Volunteer,,,,,,"[Imported from supplier master sheet, Supplier ID 385]",True
Dancer Dinesh,,,,,,Dancer,,,,,,"[Imported from supplier master sheet, Supplier ID 386]",True
Rajesh Magician,,,,,,Magician,,,,,,"[Imported from supplier master sheet, Supplier ID 387]",True
Kirit Photographer,,,,,,Photographer,,,,,,"[Imported from supplier master sheet, Supplier ID 388]",True
Volunteer Sneha,,,,,,Volunteer,,,,,,"[Imported from supplier master sheet, Supplier ID 389]",True
Bubble Artist Mubarak,,,,,,Bubble,,,,,,"[Imported from supplier master sheet, Supplier ID 390]",True
Decorator Malhaar,,,,,,Decorator,,,,,,"[Imported from supplier master sheet, Supplier ID 391]",True
